ticker,cik,company_name,sector,industry,current_price,market_cap,pe_trailing,pe_forward,eps_trailing,dividend_yield,beta,total_revenue,net_income,total_cash,total_debt,profit_margin,return_on_equity,52_week_high,52_week_low,annual_volatility,cagr_5y,calc_ebitda,calc_ev,calc_ev_to_ebitda,calc_fcf,calc_interest_coverage,calc_net_debt,calc_roic,collected_at,country,data_sources,debt_to_equity,ebitda,employees,eps_forward,error_count,float_shares,free_cash_flow,insider_percent,institutional_percent,ma_200,ma_50,max_drawdown,operating_margin,peg_ratio,price_to_book,return_on_assets,revenue_growth,risk_free_rate_10y,sec_fiscal_year,sec_net_income,sec_operating_cash_flow,sec_revenue,sec_stockholders_equity,sec_total_assets,sec_total_liabilities,shares_outstanding,sharpe_ratio,short_ratio,total_return_5y,treasury_yield_source,volume,warning_count,website
NVDA,0001045810,NVIDIA Corporation,Technology,Semiconductors,189.1100,4604261564416,46.6938,24.9929,4.0500,0.020000,2.3140,187141996544,99198001152,60608000000,10821999616,0.530070,1.0736,212.1900,86.6200,0.498511,0.747228,5.77e+09,4.59e+12,795.6374,5.64e+09,16.6299,-1.50e+10,0.139447,2026-01-08T14:39:40.234704,United States,"yahoo_finance, sec_edgar, fred_fred, calculated_metrics",9.1020,112696000512,36000,7.5665,0,23330430000,53282873344,0.043290,0.693420,161.1914,186.7696,-0.663351,0.631690,,38.6570,0.535280,0.625000,0.041800,2025,4368000000,5641000000,26974000000,26612000000,65728000000,22750000000,24305000000,1.2878,1.2800,260.6527,fred,146469945,0,https://www.nvidia.com
GOOG,0001652044,Alphabet Inc.,Communication Services,Internet Content & Information,322.4300,3892321189888,31.8607,28.8023,10.1200,0.260000,1.0860,385476001792,124250996736,98496004096,44195000320,0.322330,0.354500,328.6700,142.6600,0.287488,0.247675,8.83e+10,3.79e+12,42.9635,6.00e+10,209.6415,-9.79e+10,0.261554,2026-01-08T14:39:44.858949,United States,"yahoo_finance, sec_edgar, fred_fred, calculated_metrics",11.4240,145174003712,190167,11.1946,0,10798396290,47997751296,0.066780,0.606870,220.6579,301.1196,-0.446018,0.305120,,10.0656,0.162760,0.159000,0.041800,2024,59972000000,91495000000,282836000000,251635000000,402392000000,119013000000,5407000000,0.774946,1.9000,8.0934,fred,24634432,0,https://abc.xyz
AAPL,0000320193,Apple Inc.,Technology,Consumer Electronics,260.3300,3863398318080,34.8501,28.4356,7.4700,0.400000,1.0930,416161005568,112010002432,54697000960,112377004032,0.269150,1.7142,288.6200,169.2100,0.290108,0.281862,1.26e+11,3.90e+12,31.0353,9.96e+10,,4.15e+10,0.765377,2026-01-08T14:39:48.818650,United States,"yahoo_finance, sec_edgar, fred_fred, calculated_metrics",152.4110,144748003328,166000,9.1551,0,14750642146,78862254080,0.016930,0.643810,232.5433,273.0588,-0.385159,0.316470,,52.1599,0.229640,0.079000,0.041800,2025,96995000000,110543000000,383285000000,50672000000,364980000000,308030000000,14776353000,0.863603,2.8300,10.9082,fred,48201265,0,https://www.apple.com
MSFT,0000789019,Microsoft Corporation,Technology,Software - Infrastructure,483.4700,3593712959488,34.3618,25.7955,14.0700,0.750000,1.0730,293812011008,104912003072,102012002304,120375001088,0.357070,0.322410,555.4500,344.7900,0.267380,0.266412,9.95e+10,3.63e+12,36.4441,5.95e+10,52.0724,3.33e+10,0.299420,2026-01-08T14:39:52.638490,United States,"yahoo_finance, sec_edgar, fred_fred, calculated_metrics",33.1540,166436995072,228000,18.7424,0,7421526384,53327376384,0.000660,0.756940,478.9178,493.8160,-0.371485,0.488730,,9.8991,0.146560,0.184000,0.041800,2025,72361000000,87582000000,211915000000,206223000000,512163000000,243686000000,7432377655,0.868070,2.6500,9.5513,fred,25400908,0,https://www.microsoft.com
AMZN,0001018724,"Amazon.com, Inc.",Consumer Cyclical,Internet Retail,241.5600,2582328639488,34.1186,30.7914,7.0800,,1.3760,691330023424,76482002944,94196998144,160437993472,0.110630,0.243270,258.6000,161.3800,0.328084,0.231113,5.42e+10,2.56e+12,47.3099,4.68e+10,5.1745,-1.96e+10,0.073280,2026-01-08T14:39:56.592095,United States,"yahoo_finance, sec_edgar, fred_fred, calculated_metrics",43.4050,139696996352,1578000,7.8451,0,9702012443,26080000000,0.091780,0.667430,217.4460,232.2252,-0.561453,0.110570,,6.9841,0.074950,0.134000,0.041800,2024,-2722000000,46752000000,513983000000,138245000000,462675000000,,10690216011,0.675957,1.7600,6.9585,fred,42130287,0,https://www.amazon.com
META,0001326801,"Meta Platforms, Inc.",Communication Services,Internet Content & Information,648.6900,1635041017856,28.7413,21.3255,22.5700,0.320000,1.2870,189458006016,58527997952,44447997952,51059998720,0.308920,0.326430,796.2500,479.8000,0.384923,0.210260,3.76e+10,1.62e+12,42.9233,1.93e+10,,-1.98e+10,0.181211,2026-01-08T14:40:00.348346,United States,"yahoo_finance, sec_edgar, fred_fred, calculated_metrics",26.3110,98399002624,78450,30.4185,0,2173375331,18617749504,0.000620,0.796720,674.3003,649.2550,-0.767361,0.400750,,8.4267,0.180130,0.262000,0.041800,2024,23200000000,50475000000,116609000000,124879000000,229623000000,76455000000,2177889269,0.586571,1.8000,5.7114,fred,12725403,0,https://investor.atmeta.com
AVGO,0001730168,Broadcom Inc.,Technology,Semiconductors,343.5000,1628627533824,72.0126,24.4706,4.7700,0.760000,1.2180,63886999552,23125999616,11105000448,40456998912,0.361980,0.310480,414.6100,138.1000,0.388898,0.428359,1.48e+10,1628627533824,110.3855,1.63e+10,8.1894,,,2026-01-08T14:40:03.814041,United States,"yahoo_finance, sec_edgar, fred_fred, calculated_metrics",166.0320,35002998784,33000,14.0373,0,405866610,25044125696,0.020050,0.787300,291.3903,361.8534,-0.483000,0.317650,,5.8003,0.097880,0.164000,0.041800,2024,11495000000,16736000000,33203000000,,72861000000,48873000000,4741273799,1.0088,2.1800,34.0500,fred,19340420,0,https://www.broadcom.com
TSLA,0001318605,"Tesla, Inc.",Consumer Cyclical,Auto Manufacturers,431.4100,1434791706624,293.4762,195.7547,1.4700,,1.8350,95632998400,5079000064,41647001600,13788000256,0.053140,0.067910,498.8300,214.2500,0.592952,0.409369,1.61e+10,1.42e+12,88.5292,7.57e+09,89.8421,-1.16e+10,0.245488,2026-01-08T14:40:07.270890,United States,"yahoo_finance, sec_edgar, fred_fred, calculated_metrics",17.0820,10768000000,125665,2.2038,0,2386009187,2979249920,0.125620,0.499260,362.2636,444.9456,-0.736322,0.066280,,17.9321,0.023500,0.116000,0.041800,2024,12556000000,14724000000,81462000000,62634000000,106618000000,43009000000,3325819167,0.806906,0.970000,29.6690,fred,58880190,0,https://www.tesla.com
BRK-B,0001067983,Berkshire Hathaway Inc.,Financial Services,Insurance - Diversified,496.1200,1070296924160,15.8708,20.5086,31.2600,,0.710000,372127989760,67463000064,381673013248,127243001856,0.181290,0.101700,542.0700,440.1000,0.194526,0.145160,-1.60e+10,1070296924160,,2.19e+10,,,,2026-01-08T14:40:15.893714,United States,"yahoo_finance, sec_edgar, fred_fred, calculated_metrics",18.1660,103864000512,392400,24.1908,0,1235323,48615874560,0.003870,0.657880,497.6325,498.4578,-0.295699,0.411030,,0.001022,0.047750,0.021000,0.041800,2024,-22759000000,37350000000,302020000000,561273000000,948465000000,499208000000,1372820139,0.588949,2.5100,2.8660,fred,3560442,0,https://www.berkshirehathaway.com
LLY,0000059478,Eli Lilly and Company,Healthcare,Drug Manufacturers - General,1108.09,993354776576,54.3448,33.8753,20.3900,0.560000,0.347000,59419799552,18412099584,9913499648,42577600512,0.309860,0.964700,1117.66,623.7800,0.294716,0.321959,8.33e+09,1.02e+12,122.7935,7.59e+09,,2.94e+10,,2026-01-08T14:40:19.243392,United States,"yahoo_finance, sec_edgar, fred_fred, calculated_metrics",178.5160,28728600576,47000,32.7109,0,893127390,1397924992,0.001600,0.832320,830.1887,1007.01,-0.344750,0.482940,,41.7203,0.176030,0.539000,0.041800,2024,6244800000,7585700000,28541400000,10771900000,64006300000,,895018757,0.958433,1.8200,15.1917,fred,3976764,0,https://www.lilly.com
JPM,0000019617,JPMorgan Chase & Co.,Financial Services,Banks - Diversified,326.9900,899141992448,16.2037,15.5847,20.1800,1.8300,1.0660,167228997632,56660000768,1411027042304,1148076032000,0.347000,0.164370,337.2500,202.1600,0.275580,0.219789,5.32e+10,899141992448,16.8958,1.07e+11,,,,2026-01-08T14:40:23.271554,United States,"yahoo_finance, sec_edgar, fred_fred, calculated_metrics",,,318153,20.9814,0,2707970418,,0.003750,0.741180,286.9652,313.0658,-0.436265,0.437080,,2.6168,0.013230,0.088000,0.041800,2024,37676000000,107119000000,128695000000,292332000000,3665743000000,3547515000000,2722262295,0.713775,2.5400,6.2576,fred,9796797,0,https://www.jpmorganchase.com
WMT,0000104169,Walmart Inc.,Consumer Defensive,Discount Stores,112.7200,898699821056,39.4126,37.8460,2.8600,0.830000,0.661000,703060967424,22909999104,10581999616,68423999488,0.032590,0.236610,117.4500,79.8100,0.215504,0.204234,3.14e+10,9.28e+11,29.5927,1.20e+10,9.9600,2.97e+10,0.119361,2026-01-08T14:40:27.743358,United States,"yahoo_finance, sec_edgar, fred_fred, calculated_metrics",66.7470,42713001984,2100000,2.9784,0,4367093585,10372750336,0.451210,0.366280,100.4591,108.6710,-0.257397,0.037300,,9.3513,0.065390,0.058000,0.041800,2025,11680000000,28841000000,611289000000,83861000000,243197000000,,7970166964,0.784805,2.3900,5.3854,fred,23283722,0,https://corporate.walmart.com
V,0001403161,Visa Inc.,Financial Services,Credit Services,355.8800,686811840512,34.8560,24.6761,10.2100,0.750000,0.815000,40000000000,19853000704,18997000192,26083999744,0.501450,0.520680,375.5100,299.0000,0.244576,0.180549,2.19e+10,6.96e+11,31.7036,2.08e+10,34.0357,8.86e+09,,2026-01-08T14:40:31.685485,United States,"yahoo_finance, sec_edgar, fred_fred, calculated_metrics",68.8070,28028000256,34100,14.4220,0,1747480827,20072873984,0.005760,0.907750,345.1735,339.5506,-0.363649,0.657500,,18.3614,0.172610,0.115000,0.041800,2025,17273000000,20755000000,32653000000,,94511000000,55374000000,1685772208,0.637707,3.6000,4.2375,fred,5259313,0,https://www.visa.com
ORCL,0001341439,Oracle Corporation,Technology,Software - Infrastructure,192.8400,554054385664,36.2481,24.2445,5.3200,1.0400,1.6510,61015998464,15425000448,19765999616,131729997824,0.252800,0.690260,345.7200,118.8600,0.329788,0.205399,1.56e+10,5.54e+11,35.4828,8.47e+09,3.7355,151000000.00,1.1681,2026-01-08T14:40:36.843855,United States,"yahoo_finance, sec_edgar, fred_fred, calculated_metrics",432.5110,26265999360,162000,7.9540,0,1706007131,-10208000000,0.405880,0.448590,215.8262,217.6410,-0.455518,0.319970,,18.4978,0.068640,0.142000,0.041800,2025,8503000000,17165000000,49954000000,8704000000,140976000000,,2873130000,0.606111,0.920000,5.4473,fred,11125281,0,https://www.oracle.com
MA,0001141391,Mastercard Incorporated,Financial Services,Credit Services,579.9200,524254543872,37.0319,30.3462,15.6600,0.600000,0.857000,31473999872,14250000384,10648000512,18983000064,0.452750,1.8486,601.7700,465.5900,0.268359,0.212519,1.30e+10,5.30e+11,40.7262,1.08e+10,29.6232,5.76e+09,0.818312,2026-01-08T14:40:41.026700,United States,"yahoo_finance, sec_edgar, fred_fred, calculated_metrics",239.7150,19612000256,35300,19.1102,0,890120424,16258499584,0.005150,0.908330,561.7541,556.3254,-0.409972,0.598000,,66.0426,0.230480,0.167000,0.041800,2024,,11195000000,22237000000,6929000000,42448000000,35451000000,891258183,0.703432,2.3200,5.8374,fred,3094583,0,https://www.mastercard.com
XOM,0000034088,Exxon Mobil Corporation,Energy,Oil & Gas Integrated,118.4900,505152143360,17.2224,16.9748,6.8800,3.4800,0.365000,326244990976,29952999424,13813999616,42035998720,0.091810,0.114240,125.9300,97.8000,0.278914,0.094356,1.01e+11,4.78e+11,4.7420,5.84e+10,,-2.74e+10,,2026-01-08T14:40:49.602399,United States,"yahoo_finance, sec_edgar, fred_fred, calculated_metrics",15.6720,61694001152,61000,6.9803,0,4205737095,17292750848,0.000860,0.665740,111.7749,117.4842,-0.613425,0.110570,,1.9177,0.051080,-0.051000,0.041800,2024,55740000000,76797000000,413680000000,204802000000,369067000000,163779000000,4217165614,0.319557,3.0800,1.4584,fred,17526625,0,https://corporate.exxonmobil.com
JNJ,0000200406,Johnson & Johnson,Healthcare,Drug Manufacturers - General,207.4900,499904643072,20.0473,18.0078,10.3500,2.5100,0.333000,92148998144,25119000576,18562000896,45795000320,0.272590,0.336190,215.1900,140.6800,0.183645,0.108256,2.89e+10,5.11e+11,17.7075,1.72e+10,,1.15e+10,,2026-01-08T14:40:53.644439,United States,"yahoo_finance, sec_edgar, fred_fred, calculated_metrics",57.7660,31921999872,138100,11.5223,0,2405512509,12008999936,0.000490,0.751230,174.5489,200.6790,-0.273663,0.302000,,6.2977,0.082640,0.068000,0.041800,2024,17941000000,21194000000,79990000000,,167558000000,98784000000,2409295102,0.434214,2.4600,1.7883,fred,6034470,0,https://www.jnj.com
PLTR,0001321655,Palantir Technologies Inc.,Technology,Software - Infrastructure,181.6800,433022697472,412.9091,179.7886,0.440000,,1.5450,3896163072,1095366016,6437816832,235436000,0.281140,0.195040,207.5200,63.4000,0.707858,0.753585,-138679000.00,433022697472,,183710000.00,,,,2026-01-08T14:40:57.702020,United States,"yahoo_finance, sec_edgar, fred_fred, calculated_metrics",3.5200,875796992,4414,1.0105,0,2200054746,1180160000,0.035910,0.602820,151.9423,180.8913,-0.846154,0.332960,,65.7070,0.076510,0.628000,0.041800,2024,-373705000,223737000,1905871000,3475561000,4522425000,961460000,2284334012,1.0828,1.1200,18.1242,fred,43446146,0,https://www.palantir.com
BAC,0000070858,Bank of America Corporation,Financial Services,Banks - Diversified,55.6400,420643962880,15.2022,12.7856,3.6600,2.0100,1.2950,101445001216,28253999104,775117012992,763981987840,0.292240,0.098710,57.5500,33.0700,0.311885,0.164205,3.29e+10,7.36e+11,22.3373,-6.33e+09,,3.15e+11,,2026-01-08T14:41:00.856301,United States,"yahoo_finance, sec_edgar, fred_fred, calculated_metrics",,,213000,4.3518,0,7276498666,,0.078750,0.700720,47.9050,53.8602,-0.489468,0.352930,,1.4661,0.008810,0.126000,0.041800,2024,27528000000,-6327000000,94950000000,270066000000,3180151000000,2888505000000,7560100000,0.515277,3.0400,3.5575,fred,33992863,0,https://www.bankofamerica.com
ABBV,0001551152,AbbVie Inc.,Healthcare,Drug Manufacturers - General,233.4200,412542894080,175.5037,16.3669,1.3300,2.9600,0.350000,59643998208,2348000000,5671000064,68849000448,0.040040,1.3796,244.8100,164.3900,0.260465,0.203699,1.89e+10,4.67e+11,24.6928,2.42e+10,8.1242,5.40e+10,0.247303,2026-01-08T14:41:06.144730,United States,"yahoo_finance, sec_edgar, fred_fred, calculated_metrics",,29518999552,55000,14.2617,0,1763938232,20799000576,0.001040,0.752350,206.2375,226.3986,-0.450898,0.354970,,-156.1338,0.095850,0.091000,0.041800,2024,11836000000,24943000000,58054000000,10360000000,134711000000,,1767384632,0.690224,3.2100,5.3571,fred,7668769,0,https://www.abbvie.com
COST,0000909832,Costco Wholesale Corporation,Consumer Defensive,Discount Stores,882.5800,391828176896,47.1716,39.7693,18.7100,0.590000,1.0080,280390991872,8302000128,17183000576,8172000256,0.029610,0.303250,1078.23,844.0600,0.219113,0.213549,1.02e+10,3.88e+11,38.0450,6.74e+09,50.7125,-4.11e+09,0.308327,2026-01-08T14:41:10.227749,United States,"yahoo_finance, sec_edgar, fred_fred, calculated_metrics",26.9680,13125000192,341000,22.1925,0,442631015,7170250240,0.001600,0.720810,950.4689,895.8554,-0.314024,0.036590,,12.9293,0.085240,0.083000,0.041800,2025,6292000000,11068000000,242290000000,23622000000,68994000000,46209000000,443869411,0.811311,2.3900,5.8956,fred,2534180,0,https://www.costco.com
NFLX,0001065280,"Netflix, Inc.",Communication Services,Entertainment,90.7300,384452362240,37.8042,27.9811,2.4000,,1.7110,43378786304,10431287296,9324392448,17083538432,0.240470,0.428610,134.1150,82.1100,0.418403,0.233979,5.97e+09,3.91e+11,65.5797,1.62e+09,8.0275,7.03e+09,0.210123,2026-01-08T14:41:14.164376,United States,"yahoo_finance, sec_edgar, fred_fred, calculated_metrics",65.8220,12969651200,14000,3.2426,0,4210246844,23363989504,0.005160,0.797400,113.3443,102.9850,-0.759473,0.282200,,14.8131,0.147400,0.172000,0.041800,2024,4491924000,2026257000,31615550000,15849248000,48731992000,28143679000,4237323340,0.620858,1.5200,7.1453,fred,36325677,0,https://www.netflix.com
MU,0000723125,"Micron Technology, Inc.",Technology,Semiconductors,339.5500,382166663168,32.2460,8.5187,10.5300,0.140000,1.5030,42311999488,11909000192,10318000128,12492999680,0.281460,0.225540,346.3000,61.5400,0.484373,0.386801,2.01e+09,3.87e+11,192.4862,-6.12e+09,-17.7864,4.92e+09,-0.082775,2026-01-08T14:41:17.505053,United States,"yahoo_finance, sec_edgar, fred_fred, calculated_metrics",21.2440,22233999360,53000,39.8595,0,1121108520,444249984,0.002470,0.831330,151.4010,247.2738,-0.576290,0.449750,,6.5016,0.109340,0.567000,0.041800,2025,-5833000000,1559000000,15540000000,49907000000,69416000000,24285000000,1125509261,0.835371,1.0100,25.1071,fred,32576883,0,https://www.micron.com
HD,0000354950,"The Home Depot, Inc.",Consumer Cyclical,Home Improvement Retail,349.0600,347493236736,23.8104,23.1239,14.6600,2.6400,1.0720,166189006848,14581999616,1684000000,65982001152,0.087740,1.6291,426.7500,326.3100,0.246098,0.136210,2.65e+10,3.95e+11,14.9127,1.46e+10,16.5901,4.76e+10,0.372072,2026-01-08T14:41:21.212422,United States,"yahoo_finance, sec_edgar, fred_fred, calculated_metrics",544.5860,25586999296,470000,15.0952,0,993918667,9733999616,0.000730,0.740730,373.0342,357.8354,-0.379937,0.129450,,28.6655,0.132260,0.028000,0.041800,2024,17105000000,14615000000,157403000000,1562000000,76530000000,75486000000,995511485,0.481018,1.8500,2.5749,fred,3560150,0,https://www.homedepot.com
GE,0000040545,GE Aerospace,Industrials,Aerospace & Defense,323.6400,343200595968,43.2674,45.0225,7.4800,0.440000,1.4030,43949998080,8054000128,13109000192,21920999424,0.183440,0.421310,332.7900,159.3600,0.356332,0.104120,1.35e+09,3.64e+11,269.1204,5.92e+09,,2.04e+10,,2026-01-08T14:41:24.880577,United States,"yahoo_finance, sec_edgar, fred_fred, calculated_metrics",115.2460,11264000000,53000,7.1884,0,1051174803,5170500096,0.001890,0.803200,263.9128,302.8508,-0.811914,0.205980,,18.1474,0.049290,0.238000,0.041800,2024,336000000,5917000000,29139000000,27403000000,173300000000,144695000000,1054813911,0.344061,2.9300,1.6862,fred,3410901,0,https://www.geaerospace.com
AMD,0000002488,"Advanced Micro Devices, Inc.",Technology,Semiconductors,210.0200,341921300480,109.9581,32.3394,1.9100,,1.9500,32027000832,3131000064,7242999808,3870000128,0.103230,0.053170,267.0800,76.4800,0.589801,0.583653,1.70e+09,3.39e+11,198.9450,3.12e+09,14.3636,-3.12e+09,0.024481,2026-01-08T14:41:29.415447,United States,"yahoo_finance, sec_edgar, fred_fred, calculated_metrics",6.3660,6054000128,28000,6.4943,0,1619054751,3245499904,0.004420,0.699040,164.3450,227.0316,-0.654499,0.137360,,5.6245,0.025980,0.356000,0.041800,2024,1320000000,3565000000,23601000000,54750000000,67885000000,,1628041540,0.999771,0.920000,97.1402,fred,29048477,0,https://www.amd.com
PG,0000080424,The Procter & Gamble Company,Consumer Defensive,Household & Personal Products,138.0400,323080585216,20.1518,18.8007,6.8500,3.0600,0.388000,84933001216,16472999936,11171000320,35946000384,0.197390,0.319020,179.9900,137.6200,0.187397,0.091365,2.08e+10,3.59e+11,17.2135,1.38e+10,25.1512,3.58e+10,,2026-01-08T14:41:32.912744,United States,"yahoo_finance, sec_edgar, fred_fred, calculated_metrics",67.1250,24721999872,109000,7.3423,0,2332574163,12200999936,0.000700,0.701240,155.7154,145.8864,-0.237725,0.275800,,6.1441,0.107460,0.030000,0.041800,2025,14653000000,16848000000,82006000000,,122370000000,71811000000,2336733549,0.346962,1.6200,1.3922,fred,14158457,0,https://www.pginvestor.com
CVX,0000093410,Chevron Corporation,Energy,Oil & Gas Integrated,155.2000,312700436480,21.8284,21.0920,7.1100,4.4100,0.687000,188687007744,12768000000,7727000064,41543999488,0.067670,0.073160,168.9600,132.0400,0.293437,0.112576,6.58e+10,3.18e+11,4.8250,4.96e+10,,5.03e+09,,2026-01-08T14:41:36.898928,United States,"yahoo_finance, sec_edgar, fred_fred, calculated_metrics",21.2390,37682999296,45298,7.3582,0,1880307008,15743875072,0.061310,0.680740,150.1977,152.3484,-0.557739,0.098530,,1.6461,0.040470,-0.014000,0.041800,2024,35465000000,49602000000,246252000000,160957000000,261632000000,99703000000,1999353597,0.375273,2.0000,1.8986,fred,13429004,0,https://www.chevron.com
UNH,0000731766,UnitedHealth Group Incorporated,Healthcare,Healthcare Plans,341.7000,309525053440,17.7969,19.2467,19.2000,2.5900,0.425000,435159007232,17589000192,30613999616,80136003584,0.040420,0.174760,606.3600,234.6000,0.290541,0.138294,3.18e+10,3.47e+11,10.8885,2.34e+10,13.5923,3.71e+10,,2026-01-08T14:41:41.372284,United States,"yahoo_finance, sec_edgar, fred_fred, calculated_metrics",75.7340,29241999360,400000,17.7537,0,898148050,17768749056,0.008090,0.837880,346.9431,331.8896,-0.613909,0.038130,,3.2320,0.053610,0.122000,0.041800,2024,20120000000,26206000000,324162000000,,245705000000,174801000000,905838620,0.456188,2.1200,2.6409,fred,7450847,0,https://www.unitedhealthgroup.com
WFC,0000072971,Wells Fargo & Company,Financial Services,Banks - Diversified,94.2900,302052474880,15.5338,13.5670,6.0700,1.9100,1.0880,79072002048,19971999744,417759002624,424136998912,0.266290,0.115200,97.7600,58.4200,0.321002,0.097212,2.28e+10,5.10e+11,22.3919,2.70e+10,,2.08e+11,,2026-01-08T14:41:45.148497,United States,"yahoo_finance, sec_edgar, fred_fred, calculated_metrics",,,210821,6.9499,0,3131519348,,0.000920,0.791590,80.0683,88.9348,-0.644571,0.337170,,1.8045,0.010640,0.075000,0.041800,2024,13677000000,27048000000,,185735000000,1932468000000,1745025000000,3139084542,0.325157,2.9800,1.5232,fred,14583585,0,https://www.wellsfargo.com
CSCO,0000858877,"Cisco Systems, Inc.",Technology,Communication Equipment,74.7200,295225786368,28.8494,16.7060,2.5900,2.1900,0.863000,57696002048,10328999936,15736000512,29636999168,0.179020,0.224180,80.8200,52.1100,0.250460,0.151773,1.57e+10,3.19e+11,20.2891,1.90e+10,39.9761,2.39e+10,0.194251,2026-01-08T14:41:49.569455,United States,"yahoo_finance, sec_edgar, fred_fred, calculated_metrics",63.2280,15676000256,86200,4.4726,0,3944140637,12405999616,0.000580,0.813790,67.8822,75.9480,-0.419511,0.236040,,6.2774,0.066460,0.075000,0.041800,2025,12613000000,19886000000,56998000000,39773000000,124413000000,78956000000,3951094563,0.530656,2.9000,3.0946,fred,20263896,0,https://www.cisco.com
MS,0000895421,Morgan Stanley,Financial Services,Capital Markets,184.7900,294986874880,18.9334,17.4074,9.7600,2.1600,1.1970,68531998720,15562999808,570777010176,467027984384,0.236060,0.151350,188.8200,94.3300,0.317416,0.241338,1.79e+10,4.66e+11,25.9965,-6.40e+09,,1.71e+11,,2026-01-08T14:41:53.230001,United States,"yahoo_finance, sec_edgar, fred_fred, calculated_metrics",420.5530,,82000,10.6156,0,1207795611,,0.241050,0.626420,145.6991,171.0710,-0.513258,0.388720,,2.9340,0.012450,0.191000,0.041800,2024,11029000000,-6397000000,,99038000000,1193693000000,1093711000000,1589309311,0.713755,2.7400,7.6430,fred,3530427,0,https://www.morganstanley.com
KO,0000021344,The Coca-Cola Company,Consumer Defensive,Beverages - Non-Alcoholic,67.5400,290669690880,22.3642,20.9658,3.0200,3.0200,0.387000,47663001600,13031000064,15781000192,48161001472,0.273400,0.424420,74.3800,60.7100,0.180656,0.083612,1.22e+10,2.85e+11,23.4497,9.53e+09,12.3685,-5.31e+09,0.433068,2026-01-08T14:41:57.211819,United States,"yahoo_finance, sec_edgar, fred_fred, calculated_metrics",144.7710,16307000320,69700,3.2214,0,3872824475,1412875008,0.098860,0.660830,69.8859,70.3348,-0.369875,0.323730,,9.2992,0.089590,0.051000,0.041800,2024,9542000000,11018000000,43004000000,25941000000,97703000000,,4301608845,0.314106,2.0700,1.2280,fred,20174825,0,https://www.coca-colacompany.com
GS,0000886982,"The Goldman Sachs Group, Inc.",Financial Services,Capital Markets,941.0200,284866609152,19.1186,16.9720,49.2200,1.7000,1.3220,57336999936,15788000256,1010356977664,731217985536,0.290740,0.135320,961.6900,439.3800,0.296623,0.216130,3.73e+10,4.45e+10,1.1935,4.96e+09,,-2.40e+11,,2026-01-08T14:42:02.043521,United States,"yahoo_finance, sec_edgar, fred_fred, calculated_metrics",586.1420,,48300,55.4453,0,311916185,,0.005700,0.747050,711.7178,838.5044,-0.487488,0.372040,,2.7039,0.009430,0.207000,0.041800,2024,11261000000,8708000000,,117189000000,1641594000000,1524689000000,299928511,0.673359,3.3600,6.0433,fred,2680846,0,https://www.goldmansachs.com
CAT,0000018230,Caterpillar Inc.,Industrials,Farm & Heavy Construction Machinery,596.5200,279457038336,30.6694,26.6462,19.4500,1.0100,1.5680,64670998528,9272999936,6632999936,41534001152,0.143390,0.462830,627.5000,267.3000,0.304241,0.283299,1.01e+10,2.97e+11,29.3343,6.47e+09,8.2419,1.75e+10,,2026-01-08T14:42:05.976423,United States,"yahoo_finance, sec_edgar, fred_fred, calculated_metrics",201.0460,13957999616,112900,22.3867,0,466608416,6289375232,0.002080,0.740680,438.7781,574.7758,-0.433589,0.177460,,13.5134,0.082010,0.095000,0.041800,2024,,7766000000,59427000000,,87476000000,67973000000,467979596,0.841321,2.7500,11.0421,fred,3306254,0,https://www.caterpillar.com
IBM,0000051143,International Business Machines Corporation,Technology,Information Technology Services,296.7300,277363982336,35.3250,24.2923,8.4000,2.2600,0.698000,65401999360,7919000064,14855000064,66568998912,0.120900,0.301560,324.9000,214.5000,0.247797,0.137178,4.64e+09,3.14e+11,67.8207,9.09e+09,,3.71e+10,,2026-01-08T14:42:10.272897,United States,"yahoo_finance, sec_edgar, fred_fred, calculated_metrics",237.8310,15041999872,270300,12.2150,0,932613357,11757500416,0.001200,0.642780,272.5670,304.5254,-0.405852,0.171700,,9.9397,0.051370,0.091000,0.041800,2024,1639000000,10435000000,60530000000,22533000000,135241000000,112628000000,934735206,0.481850,5.4600,2.6054,fred,2142935,0,https://www.ibm.com
MRK,0000310158,"Merck & Co., Inc.",Healthcare,Drug Manufacturers - General,108.6000,271259254784,14.3651,13.7856,7.5600,3.1300,0.298000,64234999808,19033999360,18214000640,41373999104,0.296320,0.394850,111.4600,73.3100,0.225858,0.117715,1.83e+10,2.99e+11,16.3858,1.47e+10,,2.80e+10,,2026-01-08T14:42:14.494237,United States,"yahoo_finance, sec_edgar, fred_fred, calculated_metrics",79.7080,31523000320,73000,7.8778,0,2478026480,14527875072,0.000580,0.803010,85.7907,97.0684,-0.434434,0.408020,,5.2099,0.137550,0.037000,0.041800,2024,14519000000,19095000000,59283000000,37581000000,106675000000,,2482022536,0.428938,2.3400,2.0350,fred,16250402,0,https://www.merck.com
AXP,0000004962,American Express Company,Financial Services,Credit Services,378.2200,263196573696,25.3839,21.6521,14.9000,0.870000,1.1540,65294000128,10410999808,53553000448,60060000256,0.161440,0.339350,387.4900,220.4300,0.317117,0.212705,1.12e+10,3.11e+11,27.7462,1.92e+10,,4.79e+10,,2026-01-08T14:42:18.529349,United States,"yahoo_finance, sec_edgar, fred_fred, calculated_metrics",185.2730,,75100,17.4681,0,535912809,,0.221400,0.650830,318.7779,367.1360,-0.496385,0.220530,,8.0389,0.037080,0.122000,0.041800,2024,7514000000,21079000000,34219000000,22177000000,228354000000,233051000000,688851653,0.639270,3.8500,5.8479,fred,2174792,0,https://www.americanexpress.com
LRCX,0000707549,Lam Research Corporation,Technology,Semiconductor Equipment & Materials,203.0800,256090439680,44.8300,35.6741,4.5300,0.510000,1.7790,19591788544,5810433024,6693045760,4483942912,0.296570,0.622610,210.4500,56.3200,0.433799,0.420544,5.52e+09,2.56e+11,46.3490,5.18e+09,29.6138,-369695000.00,0.773252,2026-01-08T14:42:22.436664,United States,"yahoo_finance, sec_edgar, fred_fred, calculated_metrics",43.9910,6859485184,19400,5.6927,0,1251169164,4278629376,0.002760,0.885640,113.8131,162.3638,-0.563932,0.343540,,25.0871,0.195070,0.277000,0.041800,2025,4510931000,5178938000,17428516000,6278366000,18744728000,10205274000,1256030000,0.934502,3.1100,32.1831,fred,14938279,0,https://www.lamresearch.com
CRM,0001108524,"Salesforce, Inc.",Technology,Software - Application,266.1200,253346234368,35.5775,20.2859,7.4800,0.630000,1.2660,40317001728,7222000128,11322999808,11635000320,0.179130,0.121840,367.0900,221.9600,0.349806,0.139458,4.82e+09,2.54e+11,52.8032,6.31e+09,3.7455,954000000.00,0.008716,2026-01-08T14:42:26.599294,United States,"yahoo_finance, sec_edgar, fred_fred, calculated_metrics",19.3850,11800999936,76453,13.1184,0,911654150,14523750400,0.026320,0.845970,256.7321,250.1156,-0.586172,0.238620,,4.1766,0.059500,0.086000,0.041800,2025,208000000,7111000000,31352000000,58131000000,99823000000,40177000000,937000000,0.433863,1.7400,2.6782,fred,4842852,0,https://www.salesforce.com
RTX,0000101829,RTX Corporation,Industrials,Aerospace & Defense,185.7300,249021579264,38.1376,27.5241,4.8700,1.4600,0.438000,85987999744,6592000000,5966000128,40709001216,0.076660,0.107020,193.7900,112.2700,0.274613,0.153002,9.61e+09,2.86e+11,29.7227,4.88e+09,4.3135,3.67e+10,0.049304,2026-01-08T14:42:30.214063,United States,"yahoo_finance, sec_edgar, fred_fred, calculated_metrics",61.3150,14462000128,186000,6.7479,0,1247078799,4316125184,0.000800,0.815830,154.0677,177.5044,-0.519820,0.123990,,3.8600,0.037870,0.119000,0.041800,2024,5197000000,7168000000,67074000000,59798000000,161869000000,100424000000,1340771942,0.510679,1.9800,3.1384,fred,7538888,0,https://www.rtx.com
PM,0001413329,Philip Morris International Inc.,Consumer Defensive,Tobacco,155.1500,241512480768,22.1327,18.6071,7.0100,3.7900,0.420000,39992000512,8600999936,4044000000,50123001856,0.215740,,186.6900,116.1200,0.237791,0.114173,1.33e+10,241512480768,18.1275,9.73e+09,17.0795,,,2026-01-08T14:42:34.401102,United States,"yahoo_finance, sec_edgar, fred_fred, calculated_metrics",,17959999488,83100,8.3382,0,1552684887,7741749760,0.001520,0.828710,164.4204,154.4618,-0.428688,0.407470,,-22.1295,0.149380,0.094000,0.041800,2024,9048000000,10803000000,31762000000,-11225000000,65304000000,74750000000,1556638749,0.406754,3.0400,1.9404,fred,5774340,0,https://www.pmi.com
AMAT,0000006951,"Applied Materials, Inc.",Technology,Semiconductor Equipment & Materials,292.2000,232778924032,33.7803,25.2342,8.6500,0.630000,1.6710,28367998976,6998000128,8573000192,7049999872,0.246690,0.355080,298.2200,123.7400,0.419235,0.347173,8.23e+09,2.36e+11,28.6984,4.61e+09,37.9902,3.47e+09,0.425589,2026-01-08T14:42:37.870909,United States,"yahoo_finance, sec_edgar, fred_fred, calculated_metrics",34.5330,8945999872,36500,11.5795,0,789406839,3653250048,0.002790,0.854100,193.3908,248.5872,-0.551392,0.284410,,11.3502,0.150460,-0.035000,0.041800,2024,6525000000,5399000000,25785000000,12247000000,30729000000,14380000000,792943366,0.826561,2.4000,18.5502,fred,6145670,0,https://www.appliedmaterials.com
TMO,0000097745,Thermo Fisher Scientific Inc.,Healthcare,Diagnostics & Research,617.1500,231868235776,35.7147,25.0265,17.2800,0.280000,0.910000,43735998464,6569999872,3545999872,35680002048,0.150220,0.131170,628.0800,385.4600,0.259021,0.168645,9.38e+09,2.62e+11,27.9483,6.91e+09,12.5832,3.03e+10,0.086117,2026-01-08T14:42:41.692810,United States,"yahoo_finance, sec_edgar, fred_fred, calculated_metrics",69.7500,10835000320,125000,24.6598,0,374795088,4696750080,0.001470,0.929290,486.5204,576.8762,-0.409543,0.192770,,4.5448,0.049420,0.049000,0.041800,2024,,9154000000,44915000000,46735000000,97154000000,,375708059,0.576868,3.2200,3.7338,fred,2393667,0,https://www.thermofisher.com
C,0000831001,Citigroup Inc.,Financial Services,Banks - Diversified,121.3700,223429787648,17.0463,12.2326,7.1200,1.9800,1.1660,75383996416,13436999680,962339012608,778541989888,0.194880,0.069950,124.1700,55.5100,0.333635,0.134521,2.27e+10,5.30e+11,23.3096,1.94e+10,,3.07e+11,,2026-01-08T14:42:45.800779,United States,"yahoo_finance, sec_edgar, fred_fred, calculated_metrics",,,227000,9.9218,0,1784095180,,0.002560,0.807000,90.3606,107.0974,-0.565076,0.306060,,1.1196,0.005840,0.116000,0.041800,2024,14845000000,25069000000,75338000000,205453000000,2417000000000,2205583000000,1789266159,0.425982,2.4300,2.5222,fred,9089756,0,https://www.citigroup.com
TMUS,0001283699,"T-Mobile US, Inc.",Communication Services,Telecom Services,197.2900,222033903616,19.0067,16.0363,10.3800,2.0700,0.440000,85846999040,11870000128,3310000128,121329999872,0.138270,0.190340,276.4900,194.0100,0.261637,0.177882,2.02e+10,2.92e+11,14.4556,2.81e+09,1.8775,6.99e+10,0.038757,2026-01-08T14:42:50.188889,United States,"yahoo_finance, sec_edgar, fred_fred, calculated_metrics",200.6220,32562999296,70000,12.3027,0,531637384,7874874880,0.564690,0.413350,233.1561,205.9076,-0.319858,0.222300,,3.6489,0.057430,0.089000,0.041800,2024,2590000000,16781000000,79571000000,69102000000,207682000000,,1118506626,0.603986,3.1100,4.1207,fred,3734901,0,https://www.t-mobile.com
ABT,0000001800,Abbott Laboratories,Healthcare,Medical Devices,127.0400,221107912704,15.9398,22.3777,7.9700,1.9800,0.720000,43842998272,13925999616,7733000192,12974999552,0.318800,0.306200,141.2300,110.8600,0.235641,0.142312,9.62e+09,2.29e+11,23.8031,7.80e+09,14.8526,7.78e+09,0.150471,2026-01-08T14:42:53.792127,United States,"yahoo_finance, sec_edgar, fred_fred, calculated_metrics",25.3100,11747000320,114000,5.6771,0,1728595214,6067874816,0.005410,0.814200,130.0466,126.0428,-0.338768,0.193950,,4.3354,0.067930,0.069000,0.041800,2024,6933000000,9581000000,43653000000,38603000000,73214000000,,1738871947,0.513337,2.3300,2.7711,fred,4877532,0,https://www.abbott.com
MCD,0000063908,McDonald's Corporation,Consumer Cyclical,Restaurants,304.1600,217049923584,25.9744,22.9710,11.7100,2.4500,0.531000,26264000512,8415000064,2412999936,55837999104,0.320400,,326.3200,276.5300,0.203423,0.129170,1.12e+10,2.54e+11,22.6255,5.49e+09,7.7639,3.73e+10,0.226360,2026-01-08T14:42:57.405385,United States,"yahoo_finance, sec_edgar, fred_fred, calculated_metrics",,14291999744,150000,13.2410,0,711064754,4394500096,0.002250,0.750720,306.3241,307.4676,-0.368986,0.469060,,-100.1515,0.129690,0.030000,0.041800,2024,6177000000,7387000000,23183000000,-4601000000,50436000000,,712154350,0.502533,2.3500,2.3600,fred,3225856,0,https://www.mcdonalds.com
APP,0001751008,AppLovin Corporation,Communication Services,Advertising Agencies,632.9200,214085140480,74.6368,45.3935,8.4800,,2.5020,6307449856,2916342016,1666898944,3511964928,0.448790,2.4189,745.6100,200.5000,0.768055,0.618859,499293000.00,2.17e+11,434.0215,412111000.00,-0.287969,2.62e+09,-0.007937,2026-01-08T14:43:01.415569,United States,"yahoo_finance, sec_edgar, fred_fred, calculated_metrics",238.2740,3913881088,1533,13.9430,0,242898397,2517527296,0.187210,0.830230,469.6770,636.9005,-0.919025,0.767950,,145.3652,0.367870,0.682000,0.041800,2024,-192746000,412773000,2817058000,2138090000,5359187000,4102858000,307597000,0.945393,3.8800,8.7074,fred,2930318,0,https://www.applovin.com
ISRG,0001035267,"Intuitive Surgical, Inc.",Healthcare,Medical Instruments & Supplies,592.2700,212314898432,78.1359,60.7317,7.5800,,1.6720,9612000256,2746899968,4908800000,0,0.285780,0.169020,616.0000,425.0000,0.321163,0.258792,1.90e+09,212314898432,111.5627,1.49e+09,,,,2026-01-08T14:43:07.212247,United States,"yahoo_finance, sec_edgar, fred_fred, calculated_metrics",,3411899904,15638,9.7522,0,352333647,1966412544,0.005390,0.888840,512.2405,561.1940,-0.499042,0.303260,,12.4158,0.095610,0.229000,0.041800,2024,1322300000,1490800000,6222200000,13307600000,15441500000,2044200000,354496073,0.752786,4.1100,8.9348,fred,1861677,0,https://www.intuitive.com
INTC,0000050863,Intel Corporation,Technology,Semiconductors,42.6300,203345100800,710.5001,71.5881,0.060000,,1.3540,53439000576,198000000,30934999040,46553001984,0.003710,0.001860,44.5700,17.6700,0.403349,0.055364,1.35e+10,2.55e+11,18.9347,-9.41e+09,5.0850,5.16e+10,0.014853,2026-01-08T14:43:10.713446,United States,"yahoo_finance, sec_edgar, fred_fred, calculated_metrics",39.8810,10437000192,88400,0.595490,0,4762129500,-4420874752,0.018930,0.636270,27.6789,38.0960,-0.707973,0.062840,,1.9099,-0.004630,0.028000,0.041800,2024,8014000000,15433000000,63054000000,105590000000,191572000000,,4770000000,0.236857,1.5100,0.711856,fred,165558532,0,https://www.intel.com
DIS,0001744489,The Walt Disney Company,Communication Services,Entertainment,112.9100,203004706816,16.4832,15.3351,6.8500,1.3300,1.4420,94424997888,12403999744,5695000064,45423001600,0.131360,0.122030,124.6900,80.1000,0.285081,0.021319,1.82e+10,2.35e+11,12.8696,4.90e+09,,3.16e+10,0.069097,2026-01-08T14:43:16.189409,United States,"yahoo_finance, sec_edgar, fred_fred, calculated_metrics",39.6320,19419000832,175560,7.3628,0,1782646619,6932624896,0.000690,0.756710,110.3384,109.7570,-0.607152,0.118680,,1.8406,0.044740,-0.005000,0.041800,2025,2354000000,9866000000,88898000000,100696000000,196219000000,,1785288846,0.075762,1.8900,0.234227,fred,8285997,0,https://thewaltdisneycompany.com
QCOM,0000804328,QUALCOMM Incorporated,Technology,Semiconductors,180.1900,194425028608,35.9661,14.5012,5.0100,1.9800,1.2120,44283998208,5541000192,10154999808,15642999808,0.125120,0.233400,205.9500,120.8000,0.374839,0.179825,9.60e+09,1.96e+11,20.3979,1.13e+10,11.2219,1.33e+09,,2026-01-08T14:43:20.163714,United States,"yahoo_finance, sec_edgar, fred_fred, calculated_metrics",73.7670,13996000256,52000,12.4259,0,1068643800,6856249856,0.001230,0.819040,159.4027,173.7316,-0.442884,0.262350,,9.1259,0.147130,0.100000,0.041800,2025,7232000000,11299000000,35820000000,,55154000000,28880000000,1071000000,0.521116,3.5800,4.2055,fred,9725205,0,https://www.qualcomm.com
BX,0001393818,Blackstone Inc.,Financial Services,Asset Management,153.5900,188463955968,44.0086,23.9166,3.4900,3.0500,1.7520,12791218176,2707886080,2554532096,14086088704,0.211700,0.264570,190.0900,115.6600,0.357677,0.253596,2.61e+09,1.97e+11,75.5555,6.10e+09,,8.50e+09,,2026-01-08T14:43:23.950938,United States,"yahoo_finance, sec_edgar, fred_fred, calculated_metrics",65.9420,,4895,6.4219,0,743419783,,0.009410,0.714330,153.5713,149.1746,-0.492861,0.446290,,14.3248,0.121190,-0.196000,0.041800,2024,1747631000,6336253000,8517673000,6816798000,40287530000,22212316000,738450871,0.699403,2.7000,8.5332,fred,7994394,0,https://www.blackstone.com
PEP,0000077476,"PepsiCo, Inc.",Consumer Defensive,Beverages - Non-Alcoholic,137.0100,187577270272,26.0475,15.9969,5.2600,4.1500,0.421000,92365996032,7223000064,8661000192,50849001472,0.078200,0.371620,160.1500,127.6000,0.193634,0.066747,1.42e+10,2.26e+11,15.9115,1.08e+10,12.2599,3.83e+10,0.169916,2026-01-08T14:43:27.530530,United States,"yahoo_finance, sec_edgar, fred_fred, calculated_metrics",260.1900,17016000512,319000,8.5648,0,1363798711,7137500160,0.001760,0.796730,141.7528,146.2734,-0.303227,0.169030,,9.6745,0.083650,0.027000,0.041800,2024,8910000000,10811000000,86392000000,18503000000,100495000000,81858000000,1367340122,0.224255,2.6700,0.905232,fred,8534349,0,https://www.pepsico.com
SCHW,0000316709,The Charles Schwab Corporation,Financial Services,Capital Markets,101.9300,185025314816,23.8712,17.9750,4.2700,1.0600,0.937000,22914000896,7767000064,83681001472,49280000000,0.359300,0.170460,104.7600,65.8800,0.337520,0.148657,9.98e+09,1.45e+11,14.5062,1.09e+09,,-4.02e+10,,2026-01-08T14:43:31.704555,United States,"yahoo_finance, sec_edgar, fred_fred, calculated_metrics",99.7890,,32700,5.6707,0,1672044192,,0.062020,0.848650,91.0084,95.7202,-0.510771,0.492420,,4.2729,0.017680,0.266000,0.041800,2024,7183000000,2057000000,20762000000,56261000000,493178000000,452220000000,1776936770,0.461280,2.0800,2.9854,fred,5942528,0,https://www.schwab.com
AMGN,0000318154,Amgen Inc.,Healthcare,Drug Manufacturers - General,341.6400,183966531584,26.4632,15.5606,12.9100,2.8300,0.450000,35970998272,7005000192,9445000192,54586998784,0.194740,0.817100,346.3800,260.5500,0.247099,0.118324,1.04e+10,2.38e+11,22.8848,8.78e+09,7.9717,5.37e+10,0.141332,2026-01-08T14:43:35.671373,United States,"yahoo_finance, sec_edgar, fred_fred, calculated_metrics",567.4910,16481000448,28000,21.9555,0,537129085,11408624640,0.002120,0.840230,297.8615,324.8966,-0.248599,0.341530,,19.1256,0.077060,0.124000,0.041800,2024,6552000000,9721000000,26323000000,6700000000,97154000000,,538480671,0.414097,4.8700,2.0516,fred,3436697,0,https://www.amgen.com
INTU,0000896878,Intuit Inc.,Technology,Software - Application,651.1500,181280161792,44.6299,24.6481,14.5900,0.690000,1.2540,19433000960,4118000128,,,0.211910,0.219870,813.7000,532.6500,0.317626,nan,3.30e+09,1.84e+11,55.8831,4.84e+09,11.5478,3.19e+09,0.127616,2026-01-08T14:43:39.310613,United States,"yahoo_finance, sec_edgar, fred_fred, calculated_metrics",,5846000128,18200,26.4179,0,272099808,5059874816,0.023330,0.906500,682.8713,658.5208,-0.490101,0.156970,,9.3857,0.097760,0.410000,0.041800,2025,2384000000,5046000000,14368000000,16441000000,32132000000,13696000000,278274077,0.670297,2.3200,nan,fred,1413223,0,https://www.intuit.com
GEV,0001996810,GE Vernova Inc.,Industrials,Specialty Industrial Machinery,662.3200,180299366400,107.5195,50.6070,6.1600,0.190000,,37669998592,1704000000,7544999936,1080000000,0.045230,0.167230,731.0000,252.2500,0.540057,1.4950,-2.10e+09,180299366400,,-114000000.00,-37.4156,,,2026-01-08T14:43:43.298717,United States,"yahoo_finance, sec_edgar, fred_fred, calculated_metrics",11.1010,2935000064,76800,13.0875,0,270880920,2413625088,0.000670,0.789070,539.2955,613.7312,-0.382856,0.057380,,20.7845,0.024260,0.118000,0.041800,2024,-2736000000,-114000000,29654000000,7416000000,46121000000,37741000000,271320459,1.8967,1.9700,4.0619,fred,2594492,0,https://www.gevernova.com
UBER,0001543151,"Uber Technologies, Inc.",Technology,Software - Application,86.1900,179742228480,11.0927,20.2905,7.7700,,1.2030,49609998336,16640000000,9086000128,13340000256,0.335420,0.729940,101.9900,60.6300,0.515487,0.115946,-885000000.00,1.84e+11,,390000000.00,-3.5712,4.64e+09,-0.087102,2026-01-08T14:43:46.277233,United States,"yahoo_finance, sec_edgar, fred_fred, calculated_metrics",45.7550,5290999808,33600,4.2478,0,2066713988,6787375104,0.004490,0.851560,88.1194,87.8882,-0.680466,0.082650,,6.3717,0.051610,0.204000,0.041800,2024,-9141000000,642000000,31877000000,11249000000,38699000000,26017000000,2077830381,0.388399,2.4300,1.0734,fred,19649289,0,https://www.uber.com
KLAC,0000319201,KLA Corporation,Technology,Semiconductor Equipment & Materials,1359.69,179050135552,42.7307,32.2849,31.8200,0.560000,1.4440,12524316672,4236832000,4683591168,6088118784,0.338290,0.991680,1406.97,551.3300,0.400110,0.380194,4.20e+09,1.83e+11,43.5165,3.33e+09,,3.90e+09,,2026-01-08T14:43:49.424886,United States,"yahoo_finance, sec_edgar, fred_fred, calculated_metrics",122.1270,5626762240,15000,42.1153,0,131075682,2757365760,0.000980,0.947150,951.7717,1209.56,-0.402834,0.416610,,35.8710,0.204360,0.130000,0.041800,2025,3387277000,3669805000,10496056000,3368328000,15433566000,12065238000,131392338,0.905926,3.6700,23.8926,fred,901192,0,https://www.kla.com
BA,0000012927,The Boeing Company,Industrials,Aerospace & Defense,228.1200,178634211328,,100.5971,-13.7100,,1.1630,80756998144,-10167000064,22275000320,55702999040,-0.121970,,242.6900,128.8800,0.414335,0.069606,-1.54e+09,2.21e+11,,2.29e+09,-1.3682,4.26e+10,-0.109398,2026-01-08T14:43:54.240671,United States,"yahoo_finance, sec_edgar, fred_fred, calculated_metrics",,-6153999872,172000,2.2677,0,728285473,-4762874880,0.000650,0.719200,206.1591,203.3678,-0.779201,-0.204000,,-20.9901,-0.035100,0.304000,0.041800,2024,-4935000000,3512000000,66608000000,-17233000000,137012000000,154240000000,783071257,0.273325,1.6500,0.956778,fred,8807591,0,https://www.boeing.com
BKNG,0001075531,Booking Holdings Inc.,Consumer Cyclical,Travel Services,5445.72,176495165440,35.4608,20.4707,153.5700,0.710000,1.2340,26038999040,5043999744,16508999680,17757999104,0.193710,,5839.41,4096.23,0.321459,0.171925,5.55e+09,1.79e+11,32.1578,6.19e+09,13.4263,2.08e+09,0.481773,2026-01-08T14:43:58.615214,United States,"yahoo_finance, sec_edgar, fred_fred, calculated_metrics",,9818999808,24800,266.0253,0,32141949,6635874816,0.001650,0.970300,5263.85,5131.47,-0.477700,0.449050,,-37.1478,0.202490,0.127000,0.041800,2024,,6554000000,17090000000,6178000000,24342000000,27086000000,32233815,0.530323,2.2800,3.8681,fred,180273,0,https://www.bookingholdings.com
TJX,0000109198,"The TJX Companies, Inc.",Consumer Cyclical,Apparel Retail,154.0400,171437080576,34.0044,29.9211,4.5300,1.1000,0.752000,58979000320,5119000064,4640000000,13194000384,0.086790,0.583960,157.8300,112.1000,0.259957,0.181866,5.61e+09,1.69e+11,30.0497,2.63e+09,,-2.74e+09,,2026-01-08T14:44:02.269945,United States,"yahoo_finance, sec_edgar, fred_fred, calculated_metrics",140.9770,7900000256,364000,5.1482,0,1107846393,3411375104,0.001020,0.924110,135.6530,150.0824,-0.425535,0.124890,,18.2772,0.123310,0.075000,0.041800,2025,3498000000,4084000000,,6003000000,28349000000,,1110467095,0.620044,2.0700,4.2961,fred,5654639,0,https://www.tjx.com
T,0000732717,AT&T Inc.,Communication Services,Telecom Services,23.9700,171394744320,7.8078,10.7404,3.0700,4.6300,0.600000,124479995904,22168000512,20352000000,160167002112,0.178700,0.191400,29.7900,21.3800,0.232386,0.066044,1.34e+10,2.97e+11,22.1186,,-0.590196,1.26e+11,,2026-01-08T14:44:06.055009,United States,"yahoo_finance, sec_edgar, fred_fred, calculated_metrics",124.4120,44331999232,135670,2.2318,0,7075483279,10321250304,0.000830,0.671980,27.0669,24.9864,-0.394291,0.215800,,1.5392,0.040210,0.016000,0.041800,2024,-8524000000,,120741000000,,407060000000,,7089449495,0.219804,3.0200,0.892738,fred,46277926,0,https://www.att.com
APH,0000820313,Amphenol Corporation,Technology,Electronic Components,138.9100,170033561600,46.3033,34.6283,3.0000,0.720000,1.2140,20973500416,3820999936,3888100096,8067100160,0.182180,0.348080,144.3700,56.4500,0.258223,0.294116,2.98e+09,170033561600,57.0831,1.79e+09,20.9038,,,2026-01-08T14:44:10.156930,United States,"yahoo_finance, sec_edgar, fred_fred, calculated_metrics",63.9900,6062700032,125000,4.0115,0,1216258274,2328112384,0.005420,0.979620,107.7391,136.9516,-0.375578,0.274810,,13.5760,0.140320,0.534000,0.041800,2024,1902300000,2174600000,12623000000,8346500000,16526400000,8099900000,1224055508,0.974307,1.4800,12.0938,fred,8293951,0,https://www.amphenol.com
VZ,0000732712,Verizon Communications Inc.,Communication Services,Telecom Services,40.1300,169205153792,8.5565,8.3631,4.6900,6.8800,0.327000,137491005440,19836999680,7737999872,175255994368,0.144280,0.198750,47.3600,37.5900,0.198534,0.040786,4.76e+10,169205153792,3.5573,3.71e+10,9.1879,,,2026-01-08T14:44:14.097279,United States,"yahoo_finance, sec_edgar, fred_fred, calculated_metrics",164.7990,50194001920,100200,4.7984,0,4210691150,15382375424,0.000410,0.691650,42.4136,40.4070,-0.412071,0.239320,,1.6108,0.051750,0.015000,0.041800,2024,21256000000,37141000000,136835000000,,380255000000,,4216425489,0.099231,4.5600,0.490055,fred,23170226,0,https://www.verizon.com
TXN,0000097476,Texas Instruments Incorporated,Technology,Semiconductors,185.7100,168835858432,33.7655,30.3565,5.5000,3.0600,0.988000,17265999872,5016000000,5185999872,14046000128,0.292080,0.297570,221.6900,139.9500,0.298863,0.171706,1.11e+10,1.77e+11,16.0050,5.92e+09,51.2121,8.26e+09,0.351534,2026-01-08T14:44:17.838675,United States,"yahoo_finance, sec_edgar, fred_fred, calculated_metrics",84.4770,7815000064,34000,6.1176,0,906324204,-684249984,0.002140,0.908930,181.4817,169.8688,-0.334120,0.367360,,10.1525,0.106970,0.142000,0.041800,2024,8749000000,8720000000,20028000000,16897000000,32348000000,15451000000,908623020,0.546149,2.7500,3.8590,fred,8335165,0,https://www.ti.com
DHR,0000313616,Danaher Corporation,Healthcare,Diagnostics & Research,235.5700,168680275968,48.5711,27.9709,4.8500,0.540000,0.929000,24267999232,3503000064,1528000000,18155999232,0.144350,0.068430,258.2300,171.0000,0.316211,0.205963,8.23e+09,1.89e+11,22.9266,7.40e+09,21.7176,2.01e+10,0.090692,2026-01-08T14:44:21.578922,United States,"yahoo_finance, sec_edgar, fred_fred, calculated_metrics",35.5440,7629000192,61000,8.4220,0,628990159,4013874944,0.110610,0.833410,204.9863,223.8682,-0.398172,0.207500,,3.2579,0.040570,0.044000,0.041800,2024,7209000000,8519000000,26643000000,53486000000,84350000000,,706349563,0.607463,2.2800,5.4774,fred,2653087,0,https://www.danaher.com
BLK,0002012383,"BlackRock, Inc.",Financial Services,Asset Management,1075.09,166801195008,27.7014,20.0604,38.8100,1.9400,1.4840,22884999168,6096000000,12597999616,15043000320,0.266380,0.120740,1219.94,773.7400,0.276587,0.162231,6.80e+09,1.66e+11,24.3985,4.42e+09,36.0734,-818000000.00,0.131574,2026-01-08T14:44:25.503988,United States,"yahoo_finance, sec_edgar, fred_fred, calculated_metrics",24.3200,9027000320,24600,53.5926,0,144039001,6554749952,0.019630,0.831910,1050.88,1071.65,-0.439017,0.321400,,3.0039,0.034140,0.252000,0.041800,2024,5178000000,4956000000,11061000000,39347000000,123211000000,81971000000,155150909,0.537524,1.8300,3.4809,fred,813152,0,https://www.blackrock.com
SPGI,0000064040,S&P Global Inc.,Financial Services,Financial Data & Stock Exchanges,537.5000,164098752512,39.0625,27.0600,13.7600,0.710000,1.2070,15011999744,4216999936,1672000000,11982000128,0.280910,0.119940,579.0500,427.1400,0.256185,0.209632,4.40e+09,1.74e+11,39.5533,3.60e+09,35.4706,9.90e+09,0.071465,2026-01-08T14:44:28.930592,United States,"yahoo_finance, sec_edgar, fred_fred, calculated_metrics",31.7840,7549000192,42350,19.8633,0,302118700,4847499776,0.002720,0.904690,510.0290,501.5970,-0.397604,0.443160,,4.9219,0.066260,0.088000,0.041800,2023,3024000000,3598000000,8297000000,36388000000,61784000000,22040000000,302800000,0.715650,3.1900,5.6768,fred,931672,0,https://www.spglobal.com
ANET,0001596532,"Arista Networks, Inc.",Technology,Computer Hardware,130.0800,163807805440,49.4601,38.7156,2.6300,,1.4140,8448346112,3356553984,10106200064,0,0.397300,0.317360,164.9400,59.4300,0.443327,0.407289,1.59e+09,163807805440,103.0363,492813000.00,,,,2026-01-08T14:44:33.096200,United States,"yahoo_finance, sec_edgar, fred_fred, calculated_metrics",,3671173888,4412,3.3599,0,1041479124,3268608000,0.179380,0.700440,116.9647,133.9882,-0.522006,0.423780,,13.7563,0.146580,0.275000,0.041800,2024,1352446000,492813000,4381310000,3978600000,9956635000,2737576000,1259285070,0.904104,1.9000,29.2204,fred,7535030,0,https://www.arista.com
NEE,0000753308,"NextEra Energy, Inc.",Utilities,Utilities - Regulated Electric,78.3700,163214131200,24.8794,19.5333,3.1500,2.8900,0.733000,26296999936,6503000064,2391000064,93122002944,0.247290,0.082360,87.5300,61.7200,0.251972,0.144687,8.58e+09,2.27e+11,26.3955,8.26e+09,2.9680,6.34e+10,0.031190,2026-01-08T14:44:36.421050,United States,"yahoo_finance, sec_edgar, fred_fred, calculated_metrics",144.1610,14449999872,16800,4.0121,0,2078486117,-13650499584,0.001120,0.835280,75.0880,82.6342,-0.449697,0.307680,,3.0124,0.024470,0.053000,0.041800,2024,4147000000,8262000000,,47468000000,158935000000,118465000000,2082609684,0.504292,3.4500,2.8501,fred,8020297,0,https://www.nexteraenergy.com
COF,0000927628,Capital One Financial Corporation,Financial Services,Credit Services,253.2500,161957756928,87.0275,12.1507,2.9100,1.2600,1.1310,28885999616,1151000064,56923000832,54504001536,0.048990,0.016150,259.6400,143.2200,0.369658,0.168407,1.24e+10,161957756928,13.0087,1.29e+10,,,,2026-01-08T14:44:40.421739,United States,"yahoo_finance, sec_edgar, fred_fred, calculated_metrics",,,77000,20.8425,0,623063434,,0.018110,0.876240,209.1621,227.7136,-0.602529,0.387190,,1.4852,0.002490,0.679000,0.041800,2024,7360000000,13809000000,34250000000,61029000000,478464000000,420375000000,635733605,0.498455,2.3300,3.7242,fred,3255334,0,https://www.capitalone.com
NOW,0001373715,"ServiceNow, Inc.",Technology,Software - Application,150.9000,159221071872,90.9036,37.0318,1.6600,,0.979000,12666999808,1731000064,5410999808,2401999872,0.136650,0.168130,239.6180,135.7320,0.398302,0.255234,788000000.00,159221071872,202.0572,2.17e+09,14.7917,,,2026-01-08T14:44:44.317365,United States,"yahoo_finance, sec_edgar, fred_fred, calculated_metrics",21.2550,2497999872,26293,4.0749,0,1035028264,3909874944,0.001600,0.904130,181.1677,166.2776,-0.512975,0.167890,,13.8580,0.056500,0.218000,0.041800,2024,325000000,2723000000,7245000000,3695000000,17387000000,9759000000,1055142985,0.669910,2.2300,8.6582,fred,5965978,0,https://www.servicenow.com
GILD,0000882095,"Gilead Sciences, Inc.",Healthcare,Drug Manufacturers - General,124.3500,154294337536,19.2195,14.1493,6.4700,2.5400,0.349000,29087000576,8110000128,8489999872,24941000704,0.278820,0.407060,128.7000,88.5700,0.256482,0.062673,7.65e+09,1.80e+11,23.5072,8.34e+09,8.0816,2.56e+10,0.116018,2026-01-08T14:44:47.514131,United States,"yahoo_finance, sec_edgar, fred_fred, calculated_metrics",116.2430,14136000512,17600,8.7884,0,1238036975,8028000256,0.000970,0.917120,113.8891,122.7400,-0.360133,0.452310,,7.1700,0.125710,0.030000,0.041800,2024,4592000000,9072000000,27281000000,22833000000,62125000000,,1240679623,0.209037,3.0400,0.833859,fred,6138506,0,https://www.gilead.com
BSX,0000885725,Boston Scientific Corporation,Healthcare,Medical Devices,98.6500,146242895872,52.7540,28.4384,1.8700,,0.671000,19349000192,2791000064,1275000064,12044999680,0.144300,0.124880,109.5000,85.9800,0.260621,0.189761,2.78e+09,1.46e+11,52.3684,938000000.00,3.5085,-397000000.00,0.058731,2026-01-08T14:44:51.372412,United States,"yahoo_finance, sec_edgar, fred_fred, calculated_metrics",50.9730,5071000064,53000,3.4689,0,1478320850,3065125120,0.001910,0.945010,100.8675,97.9702,-0.434916,0.207310,,6.2508,0.057560,0.203000,0.041800,2024,,1526000000,12682000000,17573000000,35136000000,,1482442039,0.644546,1.9100,4.6598,fred,8132345,0,https://www.bostonscientific.com
PFE,0000078003,Pfizer Inc.,Healthcare,Drug Manufacturers - General,25.2800,143734702080,14.6977,8.4554,1.7200,6.8000,0.433000,62784999424,9797000192,14986000384,61937999872,0.156550,0.105980,27.6900,20.9200,0.238139,0.028446,4.10e+10,2.21e+11,5.3835,2.60e+10,,7.70e+10,,2026-01-08T14:44:55.122637,United States,"yahoo_finance, sec_edgar, fred_fred, calculated_metrics",66.5310,24458999808,81000,2.9898,0,5675928135,14302749696,0.000740,0.675260,24.4700,25.1666,-0.589620,0.352770,,1.5489,0.051890,-0.059000,0.041800,2024,31372000000,29267000000,101175000000,89014000000,226501000000,137213000000,5685707552,0.068593,2.7500,0.322899,fred,51292253,0,https://www.pfizer.com
ADBE,0000796343,Adobe Inc.,Technology,Software - Application,338.1000,143422029824,20.2455,12.8360,16.7000,,1.5260,23768999936,7129999872,6594999808,6648000000,0.299970,0.554260,465.7000,311.5900,0.337850,0.144643,6.95e+09,1.40e+11,20.1201,7.40e+09,59.2039,-3.51e+09,0.427568,2026-01-08T14:44:59.433125,United States,"yahoo_finance, sec_edgar, fred_fred, calculated_metrics",57.1970,9551333376,,26.3401,0,415815720,,0.002120,0.860870,361.8250,338.2952,-0.600215,0.365030,,12.1300,0.182210,0.105000,0.041800,2024,4756000000,7838000000,17606000000,14797000000,29779000000,13261000000,418600000,0.451886,2.5400,2.8486,fred,3180279,0,https://www.adobe.com
ADI,0000006281,"Analog Devices, Inc.",Technology,Semiconductors,292.8900,143414804480,64.0897,26.0606,4.5700,1.3500,1.0320,11019707392,2267342080,3652321024,8961063936,0.205750,0.065730,294.1500,158.6500,0.321861,0.217813,4.16e+09,1.49e+11,35.7412,3.56e+09,18.5215,5.19e+09,0.087007,2026-01-08T14:45:02.998120,United States,"yahoo_finance, sec_edgar, fred_fred, calculated_metrics",26.5000,4994371072,24500,11.2388,0,487886446,3904020224,0.002530,0.939780,233.3676,257.0852,-0.336200,0.305010,,4.2411,0.038910,0.259000,0.041800,2025,3314579000,4817634000,12305539000,35176317000,48228277000,,489654097,0.649124,2.4900,6.1412,fred,3569406,0,https://www.analog.com
SYK,0000310764,Stryker Corporation,Healthcare,Medical Devices,367.7500,140636291072,48.3246,24.6124,7.6100,0.960000,0.896000,24380999680,2943000064,3343000064,17132999680,0.120710,0.140360,406.1900,329.1600,0.259641,0.167317,4.12e+09,1.51e+11,36.5769,2.04e+09,8.7685,1.00e+10,,2026-01-08T14:45:07.004145,United States,"yahoo_finance, sec_edgar, fred_fred, calculated_metrics",78.6460,6592000000,53000,14.9417,0,345305609,3544375040,0.053570,0.819190,374.4619,361.0856,-0.438028,0.222720,,6.4556,0.074970,0.102000,0.041800,2024,2358000000,2624000000,18449000000,,39912000000,21319000000,382423648,0.572141,2.6400,3.6805,fred,2174702,0,https://www.stryker.com
LOW,0000060667,"Lowe's Companies, Inc.",Consumer Cyclical,Home Improvement Retail,247.1200,138622337024,20.4570,19.0416,12.0800,1.9400,0.957000,84254998528,6760999936,621000000,44721000448,0.080450,,274.9800,206.3900,0.288873,0.154477,1.19e+10,1.73e+11,14.5090,6.76e+09,10.4088,3.44e+10,0.244642,2026-01-08T14:45:10.691201,United States,"yahoo_finance, sec_edgar, fred_fred, calculated_metrics",,12423000064,300000,12.9779,0,559784678,4762250240,0.001130,0.799830,236.4088,239.9548,-0.486292,0.119200,,-13.3535,0.131820,0.032000,0.041800,2024,6437000000,8589000000,97059000000,-4816000000,41795000000,56845000000,560951457,0.505675,2.9000,3.1915,fred,1935129,0,https://www.lowes.com
PANW,0001327567,"Palo Alto Networks, Inc.",Technology,Software - Infrastructure,193.9000,135148298240,123.5032,44.6953,1.5700,,0.754000,9556500480,1116899968,4209999872,429000000,0.116870,0.153240,223.6100,144.1500,0.388727,0.217944,669500000.00,135148298240,201.8645,2.78e+09,14.2390,,,2026-01-08T14:45:14.568285,United States,"yahoo_finance, sec_edgar, fred_fred, calculated_metrics",4.9510,1382499968,16413,4.3383,0,690246070,3034449920,0.008920,0.847940,192.4182,197.5228,-0.479834,0.120050,,15.4847,0.031790,0.157000,0.041800,2025,439700000,2777500000,6892700000,210000000,19990900000,14821200000,697000000,0.602802,6.8000,6.1488,fred,7600828,0,https://www.paloaltonetworks.com
HON,0000773840,Honeywell International Inc.,Industrials,Conglomerates,199.5100,134443737088,21.0454,18.8521,9.4800,2.3000,0.942000,40669999104,6128999936,13358999552,38215000064,0.150700,0.346160,227.8228,169.0481,0.232365,0.107795,9.23e+09,1.54e+11,16.6685,4.51e+09,21.3920,1.93e+10,0.177472,2026-01-08T14:45:18.106733,United States,"yahoo_finance, sec_edgar, fred_fred, calculated_metrics",215.2470,9777999872,102000,10.5829,0,603041266,5684125184,0.001070,0.810510,202.1946,195.9616,-0.430104,0.185050,,7.5478,0.066590,0.070000,0.041800,2024,4966000000,5274000000,35466000000,15856000000,61525000000,,634887208,0.384877,2.4300,1.7767,fred,5083886,0,https://www.honeywell.com
UNP,0000100885,Union Pacific Corporation,Industrials,Railroads,224.4800,133152751616,19.0399,17.7686,11.7900,2.4600,0.997000,24546000896,7052000256,828000000,32847998976,0.287300,0.416190,256.8400,204.6600,0.253490,0.143251,1.22e+10,1.63e+11,13.4319,5.74e+09,8.5787,3.02e+10,0.172371,2026-01-08T14:45:22.383387,United States,"yahoo_finance, sec_edgar, fred_fred, calculated_metrics",189.8290,12469999616,29576,12.6335,0,591962704,4491375104,0.001200,0.870730,225.7089,228.2642,-0.387193,0.410310,,7.6945,0.091980,0.025000,0.041800,2024,6998000000,9362000000,24875000000,14161000000,67132000000,52344000000,593160889,0.497448,7.2100,2.8022,fred,3464396,0,https://www.up.com
SCCO,0001001838,Southern Copper Corporation,Basic Materials,Copper,158.0900,129490804736,34.1447,27.6605,4.6300,2.2800,1.0650,12334600192,3820900096,4525499904,7432800256,0.309770,0.392990,161.5900,72.8552,0.360957,0.257076,5.23e+09,1.35e+11,25.7246,1.85e+09,11.6670,5.10e+09,0.279868,2026-01-08T14:45:27.592589,United States,"yahoo_finance, sec_edgar, fred_fred, calculated_metrics",70.6750,7076299776,16133,5.7154,0,90206983,3244112384,0.897470,0.094710,108.6283,138.2746,-0.548339,0.523730,,12.3914,0.199970,0.152000,0.041800,2024,,2802500000,10047900000,7418100000,17277400000,,819095460,0.703946,6.8800,8.8005,fred,1939240,0,https://www.southerncoppercorp.com
DE,0000315189,Deere & Company,Industrials,Farm & Heavy Construction Machinery,475.2000,128515678208,25.7004,21.1149,18.4900,1.3600,1.0100,45627998208,5026999808,6904000000,64605999104,0.110170,0.204280,533.7800,403.0100,0.299492,0.225587,1.14e+10,1.42e+11,12.4249,3.56e+09,8.9529,1.32e+10,0.214916,2026-01-08T14:45:31.494826,United States,"yahoo_finance, sec_edgar, fred_fred, calculated_metrics",248.4180,8613999616,73100,22.5054,0,269912659,2737125120,0.001830,0.829050,483.4460,473.7890,-0.379129,0.123850,,4.9507,0.038750,0.126000,0.041800,2024,7131000000,4699000000,52577000000,21785000000,90030000000,82201000000,270445437,0.695958,3.2400,6.6092,fred,1285515,0,https://www.deere.com/en
WELL,0000766704,Welltower Inc.,Real Estate,REIT - Healthcare Facilities,185.6500,127416803328,128.0345,85.1605,1.4500,1.5900,0.857000,9907853312,960374976,6806507008,18166784000,0.096930,0.027500,209.0500,123.1100,0.321079,0.148876,3752058880,1.41e+11,37.5590,1.33e+09,,1.35e+10,,2026-01-08T14:45:36.861739,United States,"yahoo_finance, sec_edgar, fred_fred, calculated_metrics",46.2110,3752058880,685,2.1800,0,685380910,-2739590656,0.000510,0.983500,166.7343,191.4200,-0.633284,0.199060,,3.2770,0.020010,0.306000,0.041800,2024,,1328708000,5860615000,25404376000,44012166000,17640439000,686328043,0.469265,3.3000,2.9930,fred,2594499,0,https://www.welltower.com
VRTX,0000875320,Vertex Pharmaceuticals Incorporated,Healthcare,Biotechnology,484.1500,124131532800,34.0232,23.9674,14.2300,,0.314000,11723299840,3675099904,6287000064,1834800000,0.313490,0.223070,519.6800,362.5000,0.336805,0.159397,4.46e+09,124131532800,27.8590,3.93e+09,82.3595,,,2026-01-08T14:45:40.908058,United States,"yahoo_finance, sec_edgar, fred_fred, calculated_metrics",10.5940,4711799808,6100,20.2003,0,252957675,2913550080,0.001330,0.977710,438.8882,438.6858,-0.416001,0.402680,,7.0993,0.120390,0.110000,0.041800,2024,3322000000,4129900000,8930700000,10100000000,22730200000,5149800000,253718831,0.489267,3.0800,3.3731,fred,1673467,0,https://www.vrtx.com
PGR,0000080661,The Progressive Corporation,Financial Services,Insurance - Property & Casualty,209.1000,122574422016,11.4827,13.0083,18.2100,6.6500,0.341000,85165998080,10712999936,1688000000,6896000000,0.125790,0.342240,292.9900,199.9000,0.242133,0.252293,1.23e+09,122574422016,99.8163,6.56e+09,,,,2026-01-08T14:45:44.540567,United States,"yahoo_finance, sec_edgar, fred_fred, calculated_metrics",19.4550,14092999680,66308,16.0743,0,584245158,15078200320,0.002410,0.882280,248.9651,222.2068,-0.299724,0.150790,,3.4570,0.076010,0.142000,0.041800,2024,722000000,6849000000,49611000000,15891000000,88691000000,68414000000,586200000,0.886038,2.0700,8.4348,fred,3313870,0,https://www.progressive.com
IBKR,0001381197,"Interactive Brokers Group, Inc.",Financial Services,Capital Markets,71.3400,121273540608,34.2981,30.1262,2.0800,0.450000,1.2400,5996000256,917000000,115822002176,28320000000,0.152940,0.232490,73.3500,32.8200,0.329651,0.235133,,121273540608,,3.97e+09,,,,2026-01-08T14:45:48.938676,United States,"yahoo_finance, sec_edgar, fred_fred, calculated_metrics",145.3800,,3131,2.3680,0,432568806,,0.028010,0.877970,58.8278,66.4756,-0.550851,0.792250,,6.2219,0.023660,0.232000,0.041800,2024,,3968000000,1506000000,3584000000,128251000000,114184000000,445363717,0.684501,3.0100,7.2216,fred,4059902,0,https://www.interactivebrokers.com
KKR,0001404912,KKR & Co. Inc.,Financial Services,Asset Management,130.8300,121138372608,54.9706,19.2916,2.3800,0.570000,1.9960,22245685248,2271944960,46111473664,56062472192,0.105640,0.076720,170.4000,86.1500,0.365791,0.273684,-32109000.00,121138372608,,-5.28e+09,,,,2026-01-08T14:45:52.396965,United States,"yahoo_finance, sec_edgar, fred_fred, calculated_metrics",74.3510,,4834,6.7817,0,684488111,,0.235940,0.624980,127.6511,125.3564,-0.479155,0.309580,,4.2846,0.013870,0.132000,0.041800,2024,-521664000,-5279259000,5704180000,22858694000,317294194000,258915282000,891353410,0.735278,2.6600,10.1716,fred,3424077,0,https://www.kkr.com
CRWD,0001535527,"CrowdStrike Holdings, Inc.",Technology,Software - Infrastructure,478.9100,120732459008,,99.0613,-1.2900,,1.0290,4565168128,-314160992,4801082880,818046016,-0.068820,-0.088150,566.9000,298.0000,0.560208,0.379654,-173547000.00,1.19e+11,,705988000.00,-8.4303,-1.71e+09,-0.254094,2026-01-08T14:45:55.974090,United States,"yahoo_finance, sec_edgar, fred_fred, calculated_metrics",20.1540,-93824000,10410,4.8345,0,247638819,1416660352,0.030310,0.744950,462.5626,509.9104,-0.676922,-0.055890,,30.0559,-0.020010,0.222000,0.041800,2024,-183245000,941007000,,2303950000,6646520000,4309431000,252098440,0.782830,3.0500,7.2571,fred,3958285,0,https://www.crowdstrike.com
NEM,0001164727,Newmont Corporation,Basic Materials,Gold,108.0100,118643548160,16.7978,13.9958,6.4300,0.930000,0.422000,21503000576,7186999808,5967000064,5650999808,0.334230,0.228760,109.3000,38.5300,0.356241,0.226124,2.21e+09,1.24e+11,56.1929,3.22e+09,,5.60e+09,,2026-01-08T14:45:59.377015,United States,"yahoo_finance, sec_edgar, fred_fred, calculated_metrics",16.9140,12248999936,22200,7.7173,0,1088905853,9337749504,0.002310,0.801160,71.0158,91.6660,-0.624027,0.468500,,3.5531,0.105520,0.200000,0.041800,2024,-429000000,3220000000,11915000000,29027000000,38482000000,26301000000,1091262981,0.638704,2.1700,6.6425,fred,9923126,0,https://www.newmont.com
PLD,0001045609,"Prologis, Inc.",Real Estate,REIT - Industrial,126.9000,117873221632,36.8895,43.9996,3.4400,3.1800,1.4180,9100544000,3201500928,1187040000,35922907136,0.352430,0.059630,131.7000,85.3500,0.270365,0.152393,5.28e+09,1.47e+11,27.7627,4.13e+09,11.2205,2.87e+10,0.040783,2026-01-08T14:46:03.713607,United States,"yahoo_finance, sec_edgar, fred_fred, calculated_metrics",62.7890,6452320256,2703,2.8841,0,925225841,4712527872,0.002760,0.971520,113.3699,126.7646,-0.432952,0.427200,,2.2417,0.024700,0.087000,0.041800,2024,3364856000,4126430000,5973692000,53181724000,93020840000,35197120000,928867000,0.512845,3.3400,3.1166,fred,2580309,0,https://www.prologis.com
COP,0001163165,ConocoPhillips,Energy,Oil & Gas E&P,93.9400,117325643776,13.2684,15.5296,7.0800,3.5800,0.328000,61280002048,8824000512,6256000000,23481999360,0.144450,0.154210,106.2000,79.8800,0.385871,0.114513,3.57e+10,1.13e+11,3.1558,2.83e+10,,-4.56e+09,,2026-01-08T14:46:07.357951,United States,"yahoo_finance, sec_edgar, fred_fred, calculated_metrics",36.1690,25422000128,11400,6.0491,0,1233123242,6092499968,0.000720,0.841990,92.1533,90.9148,-0.706610,0.195430,,1.7880,0.080980,0.140000,0.041800,2024,18680000000,28314000000,78494000000,45406000000,93829000000,46645000000,1235718250,0.371078,2.4300,1.9494,fred,6327194,0,https://www.conocophillips.com
LMT,0000936468,Lockheed Martin Corporation,Industrials,Aerospace & Defense,496.8700,116001783808,27.6962,17.0023,17.9400,2.7800,0.245000,73348997120,4200000000,3470000128,22189000704,0.057260,0.627760,538.7300,410.1100,0.232075,0.118203,9.75e+09,1.32e+11,13.5376,7.80e+09,14.5689,1.60e+10,0.265543,2026-01-08T14:46:11.727390,United States,"yahoo_finance, sec_edgar, fred_fred, calculated_metrics",358.9870,7256999936,121000,29.2238,0,196836221,4426500096,0.000790,0.746910,466.5540,472.7296,-0.366743,0.116930,,18.4889,0.063910,0.088000,0.041800,2024,5732000000,7802000000,65984000000,10959000000,52456000000,45621000000,231397796,0.426100,2.1000,2.0483,fred,3989468,0,https://www.lockheedmartin.com
BMY,0000014272,Bristol-Myers Squibb Company,Healthcare,Drug Manufacturers - General,56.7200,115467919360,19.0976,9.4275,2.9700,4.4400,0.295000,48034000896,6039000064,16501999616,51041001472,0.125720,0.337770,63.3300,42.5200,0.251324,0.023025,1.80e+10,1.47e+11,8.1603,1.19e+10,,3.12e+10,,2026-01-08T14:46:15.930445,United States,"yahoo_finance, sec_edgar, fred_fred, calculated_metrics",274.4140,19217000448,34100,6.0164,0,2032495822,14718374912,0.000830,0.819180,48.4632,49.6778,-0.476674,0.315660,,6.2248,0.093900,0.028000,0.041800,2024,6327000000,13066000000,46159000000,29430000000,95159000000,65674000000,2035753027,0.058403,2.2900,0.254948,fred,13119448,0,https://www.bms.com
PH,0000076334,Parker-Hannifin Corporation,Industrials,Specialty Industrial Machinery,908.3900,114951372800,32.3616,27.3631,28.0700,0.790000,1.2530,20029999104,3640999936,473000000,10332999680,0.181780,0.272940,933.3300,488.4500,0.315187,0.280394,3.72e+09,1.26e+11,33.9415,2.60e+09,7.3204,1.13e+10,0.113037,2026-01-08T14:46:20.250150,United States,"yahoo_finance, sec_edgar, fred_fred, calculated_metrics",74.9530,5207000064,57950,33.1976,0,125762712,3098715904,0.001560,0.899650,729.4805,848.8720,-0.546823,0.210860,,8.3202,0.089110,0.037000,0.041800,2025,,2980000000,19065000000,12072000000,29964000000,17217000000,126186699,0.815719,2.2300,10.7728,fred,639645,0,https://www.parker.com
HCA,0000860730,"HCA Healthcare, Inc.",Healthcare,Medical Care Facilities,470.6500,110129037312,18.2140,15.8922,25.8400,0.610000,1.3680,74371997696,6344000000,1091000064,46349000704,0.085300,,520.0000,295.0000,0.323643,0.229859,1.21e+10,1.49e+11,12.2975,4.13e+09,,3.87e+10,,2026-01-08T14:46:24.111950,United States,"yahoo_finance, sec_edgar, fred_fred, calculated_metrics",,15100999680,300000,29.6152,0,156422355,6101125120,0.313010,0.618480,403.2955,477.8128,-0.547399,0.154740,,-20.2770,0.121980,0.096000,0.041800,2024,5643000000,8522000000,60233000000,-1774000000,52438000000,,228193900,0.678811,3.3100,6.8780,fred,1000254,0,https://hcahealthcare.com
